End Time,PlayerVoiceTime,PlayerFacegen,Post-Chat Time,unaccounted,Elapsed Time
1703448817.883538,4.164716482162476,34.38425135612488,106.51594066619873,28.825339794158936,173.89024829864502
1703449408.8989887,54.831011056900024,173.44188332557678,322.5234217643738,-78.53339672088623,472.26291942596436
1703450221.8602955,76.90809059143066,234.51687383651733,396.1702256202698,-124.21609997749329,583.3790900707245
1703451173.5647142,72.39732193946838,225.72577500343323,453.33309412002563,-32.12750482559204,719.3286862373352
1703451763.3130276,75.00328302383423,233.08493757247925,291.81326389312744,-212.05673933029175,387.84474515914917
1703452597.626387,88.51975703239441,268.0092189311981,424.1115052700043,-145.17617416381836,635.4643070697784
